component,layer,head,token_id,token_text,logit_boost
layer_0.head_0,0,0,43317,naires,0.010436877608299255
layer_0.head_0,0,0,41944,uala,0.009754997678101063
layer_0.head_0,0,0,27870,anan,0.007534201256930828
layer_0.head_0,0,0,49267, Pwr,0.006922212429344654
layer_0.head_0,0,0,37156, Chero,0.00619906559586525
layer_0.head_1,0,1,24631,ndra,0.05539610981941223
layer_0.head_1,0,1,42319, RSA,0.0474865660071373
layer_0.head_1,0,1,39934,unia,0.04651334509253502
layer_0.head_1,0,1,12769,rin,0.04522261396050453
layer_0.head_1,0,1,19928, GRE,0.04453396052122116
layer_0.head_2,0,2,49638,agents,0.02610331028699875
layer_0.head_2,0,2,17620,channel,0.025611817836761475
layer_0.head_2,0,2,31370,oji,0.02499910444021225
layer_0.head_2,0,2,48649,benefit,0.02459636703133583
layer_0.head_2,0,2,31994,omics,0.023795906454324722
layer_0.head_3,0,3,25444,oshop,0.032837796956300735
layer_0.head_3,0,3,1197,thing,0.029952578246593475
layer_0.head_3,0,3,35346,odder,0.028076916933059692
layer_0.head_3,0,3,31538,actionDate,0.025657428428530693
layer_0.head_3,0,3,36341,slave,0.02542050927877426
layer_0.head_4,0,4,47384,Measure,0.013157575391232967
layer_0.head_4,0,4,12576,IAL,0.012333367019891739
layer_0.head_4,0,4,34919,Motor,0.010626276955008507
layer_0.head_4,0,4,14326,MW,0.010423421859741211
layer_0.head_4,0,4,1927,ially,0.010324317961931229
layer_0.head_5,0,5,41559, Guinness,0.012703272514045238
layer_0.head_5,0,5,38308, Ecc,0.0125094810500741
layer_0.head_5,0,5,22673, Kun,0.010563318617641926
layer_0.head_5,0,5,28220, PST,0.009630212560296059
layer_0.head_5,0,5,32447, Tolkien,0.009080188348889351
layer_0.head_6,0,6,38182,alm,0.05494602024555206
layer_0.head_6,0,6,16100,retty,0.05219081789255142
layer_0.head_6,0,6,31387,ftime,0.0499231293797493
layer_0.head_6,0,6,4604,lig,0.049688324332237244
layer_0.head_6,0,6,12392,rator,0.04889870062470436
layer_0.head_7,0,7,47447, Zeit,0.00821236614137888
layer_0.head_7,0,7,50179,artifacts,0.007441866211593151
layer_0.head_7,0,7,18803,士,0.006054660305380821
layer_0.head_7,0,7,31885, Authent,0.00601541344076395
layer_0.head_7,0,7,33957, Picks,0.005714578554034233
layer_0.head_8,0,8,11805,��,0.034724485129117966
layer_0.head_8,0,8,31576,externalActionCode,0.02738293632864952
layer_0.head_8,0,8,2731,uel,0.02558816410601139
layer_0.head_8,0,8,47149,ADS,0.023896239697933197
layer_0.head_8,0,8,18081,Health,0.02386685460805893
layer_0.head_9,0,9,21646,gotten,0.04872864484786987
layer_0.head_9,0,9,28832, Awakening,0.04780351370573044
layer_0.head_9,0,9,31387,ftime,0.047213226556777954
layer_0.head_9,0,9,17534,ABLE,0.04663902148604393
layer_0.head_9,0,9,31424,kefeller,0.046218156814575195
layer_0.head_10,0,10,21107,rez,0.12270098179578781
layer_0.head_10,0,10,18115,izoph,0.10794005542993546
layer_0.head_10,0,10,38250, Skydragon,0.10789521783590317
layer_0.head_10,0,10,37357,rush,0.10748313367366791
layer_0.head_10,0,10,36455,sei,0.10741855949163437
layer_0.head_11,0,11,8497,hesis,0.024861900135874748
layer_0.head_11,0,11,5165,oving,0.022996526211500168
layer_0.head_11,0,11,12514,elta,0.022494863718748093
layer_0.head_11,0,11,37671, reconnect,0.02149428054690361
layer_0.head_11,0,11,21485,hetical,0.021482257172465324
layer_0.mlp,0,-1,17773, skelet,7.946841716766357
layer_0.mlp,0,-1,11641,aeda,7.876016616821289
layer_0.mlp,0,-1,39666,yip,7.61209774017334
layer_0.mlp,0,-1,41230,govtrack,7.534549713134766
layer_0.mlp,0,-1,3239,ovember,7.533847808837891
layer_1.head_0,1,0,39666,yip,0.08196742832660675
layer_1.head_0,1,0,6166, explan,0.06584742665290833
layer_1.head_0,1,0,5843,uters,0.06338941305875778
layer_1.head_0,1,0,10269,umbn,0.06292791664600372
layer_1.head_0,1,0,20473,imon,0.06261024624109268
layer_1.head_1,1,1,39269, Plants,0.10918904095888138
layer_1.head_1,1,1,11205,oft,0.10313355177640915
layer_1.head_1,1,1,28500,Initialized,0.10232346504926682
layer_1.head_1,1,1,30213, externalToEVAOnly,0.09879539906978607
layer_1.head_1,1,1,31783, BaseType,0.08981968462467194
layer_1.head_2,1,2,22903,okia,0.13854749500751495
layer_1.head_2,1,2,13508,lies,0.13765479624271393
layer_1.head_2,1,2,654,ings,0.13413041830062866
layer_1.head_2,1,2,8448,ses,0.1289135068655014
layer_1.head_2,1,2,39737,quished,0.1286923736333847
layer_1.head_3,1,3,43660,bernatorial,0.10121453553438187
layer_1.head_3,1,3,15260, Brady,0.09834422916173935
layer_1.head_3,1,3,47209, Bastard,0.09662298858165741
layer_1.head_3,1,3,16881,atinum,0.0958472341299057
layer_1.head_3,1,3,38137, Maher,0.09532112628221512
layer_1.head_4,1,4,43408,tymology,0.16714155673980713
layer_1.head_4,1,4,13732, Nig,0.14609183371067047
layer_1.head_4,1,4,26235, defaults,0.14461259543895721
layer_1.head_4,1,4,44733, Bits,0.1408044993877411
layer_1.head_4,1,4,42424,DragonMagazine,0.14026936888694763
layer_1.head_5,1,5,43427, Eps,0.20095615088939667
layer_1.head_5,1,5,36988, Bust,0.19062849879264832
layer_1.head_5,1,5,36202, Dir,0.18549910187721252
layer_1.head_5,1,5,46892, Chong,0.18531927466392517
layer_1.head_5,1,5,3944, Bel,0.1827644258737564
layer_1.head_6,1,6,28153,eer,0.10557645559310913
layer_1.head_6,1,6,49782,geist,0.10136726498603821
layer_1.head_6,1,6,1260,erest,0.09279967099428177
layer_1.head_6,1,6,2715,ctor,0.08914202451705933
layer_1.head_6,1,6,23996,arten,0.08736041188240051
layer_1.head_7,1,7,47958, Whitman,0.21291185915470123
layer_1.head_7,1,7,45263, Ambrose,0.20227022469043732
layer_1.head_7,1,7,15755, millenn,0.19110454618930817
layer_1.head_7,1,7,45268,enser,0.1901272088289261
layer_1.head_7,1,7,45348, Cheong,0.19010072946548462
layer_1.head_8,1,8,45321,pmwiki,0.15243278443813324
layer_1.head_8,1,8,18674,venge,0.12147034704685211
layer_1.head_8,1,8,47205,allows,0.10899370908737183
layer_1.head_8,1,8,37889, STATS,0.10664097219705582
layer_1.head_8,1,8,32861,videos,0.10564553737640381
layer_1.head_9,1,9,7992,ibilities,0.08323897421360016
layer_1.head_9,1,9,40793,pots,0.08287792652845383
layer_1.head_9,1,9,47097,owe,0.07979066669940948
layer_1.head_9,1,9,39666,yip,0.07907930016517639
layer_1.head_9,1,9,6710,anwhile,0.07835083454847336
layer_1.head_10,1,10,49859, Rosenthal,0.16188772022724152
layer_1.head_10,1,10,13761,eem,0.15309251844882965
layer_1.head_10,1,10,5541,xual,0.15117335319519043
layer_1.head_10,1,10,39666,yip,0.1480080634355545
layer_1.head_10,1,10,255,�,0.1427413821220398
layer_1.head_11,1,11,19956,folk,0.054982081055641174
layer_1.head_11,1,11,47095,knit,0.05262836813926697
layer_1.head_11,1,11,47866,govern,0.052339836955070496
layer_1.head_11,1,11,25207,Constructed,0.05202879011631012
layer_1.head_11,1,11,30210, guiActiveUnfocused,0.05016319826245308
layer_1.mlp,1,-1,290, and,0.04289247840642929
layer_1.mlp,1,-1,287, in,0.030327655375003815
layer_1.mlp,1,-1,13,.,0.01592560112476349
layer_1.mlp,1,-1,319, on,0.012235462665557861
layer_1.mlp,1,-1,329, for,0.0007788985967636108
layer_2.head_0,2,0,41382,termination,0.03169886767864227
layer_2.head_0,2,0,1087,cent,0.02365703321993351
layer_2.head_0,2,0,45710,PLA,0.023178830742836
layer_2.head_0,2,0,34509,LIN,0.021445967257022858
layer_2.head_0,2,0,39803,soType,0.02102869190275669
layer_2.head_1,2,1,28149,umbing,0.037868767976760864
layer_2.head_1,2,1,157,�,0.022627348080277443
layer_2.head_1,2,1,35076,utra,0.02235903963446617
layer_2.head_1,2,1,4612,inct,0.021437717601656914
layer_2.head_1,2,1,5374,och,0.02115320973098278
layer_2.head_2,2,2,46673, outnumbered,0.046650663018226624
layer_2.head_2,2,2,39789, Quantity,0.04589032381772995
layer_2.head_2,2,2,34503, appropriation,0.0455825999379158
layer_2.head_2,2,2,13938, admission,0.0437716469168663
layer_2.head_2,2,2,33713, overrun,0.04263106733560562
layer_2.head_3,2,3,43769,��,0.02832713909447193
layer_2.head_3,2,3,23329,��,0.02114638313651085
layer_2.head_3,2,3,29632, rubble,0.01631559245288372
layer_2.head_3,2,3,22768, annex,0.015994271263480186
layer_2.head_3,2,3,38767,culosis,0.014053216204047203
layer_2.head_4,2,4,20470,cry,0.0269075408577919
layer_2.head_4,2,4,39441, McDonnell,0.023771416395902634
layer_2.head_4,2,4,46552, Kimmel,0.02227742411196232
layer_2.head_4,2,4,7828,olars,0.018677372485399246
layer_2.head_4,2,4,2020,selves,0.018281016498804092
layer_2.head_5,2,5,46052,aeus,0.09111284464597702
layer_2.head_5,2,5,8520,erved,0.0890330821275711
layer_2.head_5,2,5,19930,LP,0.08733511716127396
layer_2.head_5,2,5,16590,ichi,0.08583813160657883
layer_2.head_5,2,5,26998,メ,0.0851328894495964
layer_2.head_6,2,6,38686,igl,0.0474502369761467
layer_2.head_6,2,6,23063,ku,0.04658205062150955
layer_2.head_6,2,6,2527,clus,0.045165054500103
layer_2.head_6,2,6,33995, Shiva,0.044263411313295364
layer_2.head_6,2,6,42951,mins,0.04410608857870102
layer_2.head_7,2,7,14654, Flynn,0.051726095378398895
layer_2.head_7,2,7,10160, trave,0.05079207941889763
layer_2.head_7,2,7,5353, interests,0.050711147487163544
layer_2.head_7,2,7,23806,ottesville,0.04941404610872269
layer_2.head_7,2,7,14287, neighborhoods,0.04924260452389717
layer_2.head_8,2,8,14775,mouth,0.07112359255552292
layer_2.head_8,2,8,46998,urses,0.06862205266952515
layer_2.head_8,2,8,47918,Lie,0.06402115523815155
layer_2.head_8,2,8,46831, Toast,0.06279660016298294
layer_2.head_8,2,8,16564,pic,0.06070937588810921
layer_2.head_9,2,9,13404, trains,0.05194735527038574
layer_2.head_9,2,9,23390, cyclists,0.05028216540813446
layer_2.head_9,2,9,24154, Corey,0.05013619363307953
layer_2.head_9,2,9,42229, Brach,0.04954209178686142
layer_2.head_9,2,9,47528, Swanson,0.04910924658179283
layer_2.head_10,2,10,20875, afterward,0.028298676013946533
layer_2.head_10,2,10,34335, contag,0.026312146335840225
layer_2.head_10,2,10,12979, afterwards,0.02584574557840824
layer_2.head_10,2,10,33175,vana,0.02542404644191265
layer_2.head_10,2,10,37932, Chow,0.02412090077996254
layer_2.head_11,2,11,43299,ecast,0.07957766205072403
layer_2.head_11,2,11,39563,shock,0.0753447636961937
layer_2.head_11,2,11,20066,aris,0.07499223947525024
layer_2.head_11,2,11,42311,arnaev,0.07460873574018478
layer_2.head_11,2,11,49147, cradle,0.07234112173318863
layer_2.mlp,2,-1,11,",",0.38089999556541443
layer_2.mlp,2,-1,287, in,0.380770742893219
layer_2.mlp,2,-1,286, of,0.3390312194824219
layer_2.mlp,2,-1,290, and,0.3352644145488739
layer_2.mlp,2,-1,319, on,0.3238453269004822
layer_3.head_0,3,0,9287,perty,0.053458575159311295
layer_3.head_0,3,0,36252,ETHOD,0.05299318581819534
layer_3.head_0,3,0,12676,ombies,0.0524880588054657
layer_3.head_0,3,0,43708,IRO,0.05191819369792938
layer_3.head_0,3,0,42915,xtap,0.051636017858982086
layer_3.head_1,3,1,8544,ptions,0.027858948335051537
layer_3.head_1,3,1,18425,adian,0.02402125671505928
layer_3.head_1,3,1,4063,pir,0.023993374779820442
layer_3.head_1,3,1,8516,rows,0.02333090454339981
layer_3.head_1,3,1,29289,layer,0.023253241553902626
layer_3.head_2,3,2,17473, contrace,0.04944887012243271
layer_3.head_2,3,2,8102,abis,0.0480927899479866
layer_3.head_2,3,2,47829, remission,0.04730333387851715
layer_3.head_2,3,2,47614, Nanto,0.04705401137471199
layer_3.head_2,3,2,19028,utenberg,0.04652213305234909
layer_3.head_3,3,3,39013, Garg,0.03040209412574768
layer_3.head_3,3,3,24503,morph,0.029107127338647842
layer_3.head_3,3,3,45692,س,0.026767203584313393
layer_3.head_3,3,3,37987,ogie,0.026292074471712112
layer_3.head_3,3,3,15562,Incre,0.026054073125123978
layer_3.head_4,3,4,32288,regor,0.038667723536491394
layer_3.head_4,3,4,26523,ionic,0.03840953856706619
layer_3.head_4,3,4,15512,ilight,0.037932127714157104
layer_3.head_4,3,4,40561,apego,0.03560516983270645
layer_3.head_4,3,4,26818,vine,0.035446904599666595
layer_3.head_5,3,5,36890,lite,0.00609962921589613
layer_3.head_5,3,5,24631,ndra,0.00596648408100009
layer_3.head_5,3,5,6137,arters,0.00573409628123045
layer_3.head_5,3,5,22596, Apart,0.005581408739089966
layer_3.head_5,3,5,47256, Phi,0.005034660454839468
layer_3.head_6,3,6,34174,arat,0.019276823848485947
layer_3.head_6,3,6,12738, dece,0.01774446666240692
layer_3.head_6,3,6,15292, fest,0.016873402521014214
layer_3.head_6,3,6,38230, Ai,0.01642855815589428
layer_3.head_6,3,6,13291, href,0.016001887619495392
layer_3.head_7,3,7,4932, Guard,0.018291551619768143
layer_3.head_7,3,7,44908,izens,0.017931988462805748
layer_3.head_7,3,7,42307, Rivals,0.017840469256043434
layer_3.head_7,3,7,6962,ayers,0.017416756600141525
layer_3.head_7,3,7,48994, Corridor,0.01657932810485363
layer_3.head_8,3,8,41716, phased,0.07062747329473495
layer_3.head_8,3,8,50011, briefs,0.0705951452255249
layer_3.head_8,3,8,41096, reperto,0.06930671632289886
layer_3.head_8,3,8,48210, Ago,0.06841128319501877
layer_3.head_8,3,8,32559, Cul,0.06840018182992935
layer_3.head_9,3,9,44555, Archdemon,0.00619885791093111
layer_3.head_9,3,9,12889,JP,0.005544567480683327
layer_3.head_9,3,9,27415,ARS,0.005508358124643564
layer_3.head_9,3,9,21579, Emir,0.0050119804218411446
layer_3.head_9,3,9,44490,Sales,0.003654762636870146
layer_3.head_10,3,10,11966, Marketable,0.021646318957209587
layer_3.head_10,3,10,11411, destro,0.021331477910280228
layer_3.head_10,3,10,43394, CLSID,0.0207505039870739
layer_3.head_10,3,10,48723, Haitian,0.019938267767429352
layer_3.head_10,3,10,18163, suscept,0.019835371524095535
layer_3.head_11,3,11,36481,ertodd,0.02375943586230278
layer_3.head_11,3,11,50076,ilts,0.02223173901438713
layer_3.head_11,3,11,30394,tsky,0.022042714059352875
layer_3.head_11,3,11,49916,chev,0.021731799468398094
layer_3.head_11,3,11,1905,iety,0.021616635844111443
layer_3.mlp,3,-1,290, and,0.13102443516254425
layer_3.mlp,3,-1,11,",",0.12974116206169128
layer_3.mlp,3,-1,13,.,0.12013640999794006
layer_3.mlp,3,-1,284, to,0.12006521970033646
layer_3.mlp,3,-1,287, in,0.11995718628168106
layer_4.head_0,4,0,31739,dylib,0.007852936163544655
layer_4.head_0,4,0,31199,Liber,0.007265693508088589
layer_4.head_0,4,0,19496,bach,0.006218891590833664
layer_4.head_0,4,0,35237,inus,0.006138223689049482
layer_4.head_0,4,0,24806,ェ,0.006100134924054146
layer_4.head_1,4,1,47265,ombo,0.016476646065711975
layer_4.head_1,4,1,36970,Charges,0.014826612547039986
layer_4.head_1,4,1,49565, curfew,0.01282075047492981
layer_4.head_1,4,1,49643,DERR,0.011965456418693066
layer_4.head_1,4,1,41538,Magikarp,0.011350571177899837
layer_4.head_2,4,2,3302, achie,0.019483959302306175
layer_4.head_2,4,2,47929, vantage,0.018054112792015076
layer_4.head_2,4,2,48123,Reward,0.01804482936859131
layer_4.head_2,4,2,46824, Immunity,0.017922502011060715
layer_4.head_2,4,2,16989, immunity,0.017658021301031113
layer_4.head_3,4,3,37531,esthetic,0.013028066605329514
layer_4.head_3,4,3,39817, POLITICO,0.012653427198529243
layer_4.head_3,4,3,30676, plur,0.012581993825733662
layer_4.head_3,4,3,5217,ctors,0.012329223565757275
layer_4.head_3,4,3,37507,edes,0.012244848534464836
layer_4.head_4,4,4,49997,ahime,0.031738199293613434
layer_4.head_4,4,4,38032,peria,0.03159747272729874
layer_4.head_4,4,4,23556,otle,0.031185025349259377
layer_4.head_4,4,4,41037,fen,0.03095736913383007
layer_4.head_4,4,4,26440,prus,0.03085515648126602
layer_4.head_5,4,5,41538,Magikarp,0.005497512873262167
layer_4.head_5,4,5,46403, Tome,0.001280362717807293
layer_4.head_5,4,5,32849,�,0.0010738112032413483
layer_4.head_5,4,5,49969, Mercenary,0.0009426099713891745
layer_4.head_5,4,5,43399, Torrent,0.00013340264558792114
layer_4.head_6,4,6,7168,ixel,0.035222943872213364
layer_4.head_6,4,6,15290, mock,0.034476593136787415
layer_4.head_6,4,6,43691,ossibility,0.03408508747816086
layer_4.head_6,4,6,41369, prototyp,0.03405990079045296
layer_4.head_6,4,6,14810,ixels,0.032913628965616226
layer_4.head_7,4,7,16201,ktop,0.013960340060293674
layer_4.head_7,4,7,43052, É,0.01374545507133007
layer_4.head_7,4,7,33653, Bhar,0.01247352547943592
layer_4.head_7,4,7,33087,rolet,0.012071060948073864
layer_4.head_7,4,7,5099,�,0.01131096389144659
layer_4.head_8,4,8,5829,cean,0.008204769343137741
layer_4.head_8,4,8,23369, Eden,0.00810136366635561
layer_4.head_8,4,8,44500, Sana,0.0069414908066391945
layer_4.head_8,4,8,38720,icho,0.0068847439251840115
layer_4.head_8,4,8,6860,amental,0.006804374977946281
layer_4.head_9,4,9,16368,ambers,0.016487861052155495
layer_4.head_9,4,9,46638, dives,0.0164632685482502
layer_4.head_9,4,9,38271,aucuses,0.016442924737930298
layer_4.head_9,4,9,46888,NK,0.015515487641096115
layer_4.head_9,4,9,13254,isen,0.015461606904864311
layer_4.head_10,4,10,12845,etheless,0.034618448466062546
layer_4.head_10,4,10,40978,reth,0.034335698932409286
layer_4.head_10,4,10,2155, rul,0.03399185091257095
layer_4.head_10,4,10,658,ents,0.03350084647536278
layer_4.head_10,4,10,3836,edom,0.03258057311177254
layer_4.head_11,4,11,48469, Bleach,0.019442081451416016
layer_4.head_11,4,11,28031,brance,0.01836920529603958
layer_4.head_11,4,11,22757,�醒,0.01729651913046837
layer_4.head_11,4,11,49120, Glacier,0.01706804148852825
layer_4.head_11,4,11,31708,ーン,0.016767393797636032
layer_4.mlp,4,-1,1501,arn,0.08727850764989853
layer_4.mlp,4,-1,661, people,0.08516838401556015
layer_4.mlp,4,-1,11121,charg,0.08513516187667847
layer_4.mlp,4,-1,723,ual,0.08359620720148087
layer_4.mlp,4,-1,321,am,0.0820559561252594
layer_5.head_0,5,0,29447,Interstitial,0.08645248413085938
layer_5.head_0,5,0,2200,RE,0.08607132732868195
layer_5.head_0,5,0,42660, WARN,0.08578110486268997
layer_5.head_0,5,0,19423,nels,0.08526740223169327
layer_5.head_0,5,0,36764,agonists,0.08241614699363708
layer_5.head_1,5,1,29112, twentieth,0.07027553021907806
layer_5.head_1,5,1,22109,itous,0.06827092915773392
layer_5.head_1,5,1,13952, spare,0.06699298322200775
layer_5.head_1,5,1,3131, extra,0.06497544050216675
layer_5.head_1,5,1,23212, ultr,0.06475023925304413
layer_5.head_2,5,2,7017, goods,0.021905073896050453
layer_5.head_2,5,2,41909,adr,0.021038895472884178
layer_5.head_2,5,2,28153,eer,0.020428501069545746
layer_5.head_2,5,2,36825,awed,0.02041076496243477
layer_5.head_2,5,2,44208,ِ,0.02021091617643833
layer_5.head_3,5,3,27796,ovy,0.010627401992678642
layer_5.head_3,5,3,11647,merce,0.010408665984869003
layer_5.head_3,5,3,463,ud,0.009108467027544975
layer_5.head_3,5,3,16589," ],",0.009071949869394302
layer_5.head_3,5,3,26792,inges,0.008951748721301556
layer_5.head_4,5,4,34565,worn,0.03006177395582199
layer_5.head_4,5,4,8623,onder,0.02936733327805996
layer_5.head_4,5,4,22460,ificate,0.028016429394483566
layer_5.head_4,5,4,10695,hire,0.027953065931797028
layer_5.head_4,5,4,26576,ACA,0.027690064162015915
layer_5.head_5,5,5,17429,UTC,0.08640861511230469
layer_5.head_5,5,5,25925,flush,0.07425769418478012
layer_5.head_5,5,5,23614,覚醒,0.07226865738630295
layer_5.head_5,5,5,31204,��,0.07191739231348038
layer_5.head_5,5,5,41957,IDA,0.07084174454212189
layer_5.head_6,5,6,37846,CHR,0.024078641086816788
layer_5.head_6,5,6,38638,Í,0.020687690004706383
layer_5.head_6,5,6,25552,AGES,0.01971348375082016
layer_5.head_6,5,6,47246,aez,0.01938699558377266
layer_5.head_6,5,6,34892,ZA,0.018847821280360222
layer_5.head_7,5,7,2609, charg,0.034417007118463516
layer_5.head_7,5,7,20043,chet,0.033868107944726944
layer_5.head_7,5,7,17510, sync,0.03229162469506264
layer_5.head_7,5,7,49363, Ü,0.03209546208381653
layer_5.head_7,5,7,45059,chenko,0.0318777970969677
layer_5.head_8,5,8,35523,Thumbnail,0.05287613347172737
layer_5.head_8,5,8,13849,matic,0.0510343536734581
layer_5.head_8,5,8,45996, Marse,0.04831957072019577
layer_5.head_8,5,8,48454,redo,0.04728344455361366
layer_5.head_8,5,8,15763,root,0.046165142208337784
layer_5.head_9,5,9,22341,irtual,0.05193612352013588
layer_5.head_9,5,9,38739, Regina,0.04750290513038635
layer_5.head_9,5,9,49214, Uriel,0.04718279093503952
layer_5.head_9,5,9,31021, Urug,0.04545334726572037
layer_5.head_9,5,9,23729, Malt,0.04463522881269455
layer_5.head_10,5,10,44916,ネ,0.014299510978162289
layer_5.head_10,5,10,9407,abeth,0.01291678287088871
layer_5.head_10,5,10,20115,マ,0.012891659513115883
layer_5.head_10,5,10,45617,�,0.011971928179264069
layer_5.head_10,5,10,29312,FFFF,0.01183751504868269
layer_5.head_11,5,11,11935,lihood,0.025194717571139336
layer_5.head_11,5,11,33968,yss,0.024384554475545883
layer_5.head_11,5,11,41380,natureconservancy,0.024307891726493835
layer_5.head_11,5,11,42538,IDES,0.022116608917713165
layer_5.head_11,5,11,47061, Robotics,0.02210693061351776
layer_5.mlp,5,-1,47733,Mot,0.014141615480184555
layer_5.mlp,5,-1,33889, Hels,0.009232189506292343
layer_5.mlp,5,-1,28799, Sic,0.006044924259185791
layer_5.mlp,5,-1,34841, Spiel,0.00263997633010149
layer_5.mlp,5,-1,4935, Project,0.002600553911179304
layer_6.head_0,6,0,28410,HUD,0.01729741320014
layer_6.head_0,6,0,32589,antha,0.016301915049552917
layer_6.head_0,6,0,25503, FG,0.01503745000809431
layer_6.head_0,6,0,49506,dq,0.01479240320622921
layer_6.head_0,6,0,32679,urban,0.014460127800703049
layer_6.head_1,6,1,7927, vice,0.022781984880566597
layer_6.head_1,6,1,1538,ional,0.02228837087750435
layer_6.head_1,6,1,47615,ociate,0.020824678242206573
layer_6.head_1,6,1,44782, trivia,0.020590731874108315
layer_6.head_1,6,1,20136, curiosity,0.020196357741951942
layer_6.head_2,6,2,48022,ucha,0.03269804269075394
layer_6.head_2,6,2,20686,itures,0.031201381236314774
layer_6.head_2,6,2,11655,aneous,0.029835468158125877
layer_6.head_2,6,2,13481,iao,0.02963125891983509
layer_6.head_2,6,2,8480,aska,0.02873828634619713
layer_6.head_3,6,3,33419,atu,0.006861407775431871
layer_6.head_3,6,3,27399,cu,0.00603932049125433
layer_6.head_3,6,3,45532,WER,0.003707156516611576
layer_6.head_3,6,3,14967,Tim,0.003616172820329666
layer_6.head_3,6,3,33665,material,0.0033767709974199533
layer_6.head_4,6,4,23118,verages,0.015968335792422295
layer_6.head_4,6,4,5485, shape,0.014372872188687325
layer_6.head_4,6,4,47095,knit,0.013910548761487007
layer_6.head_4,6,4,32746, smoot,0.013590320013463497
layer_6.head_4,6,4,17024,umbers,0.01322376262396574
layer_6.head_5,6,5,37541,ibaba,0.034127071499824524
layer_6.head_5,6,5,34656,owder,0.031462717801332474
layer_6.head_5,6,5,15666,ourt,0.030686335638165474
layer_6.head_5,6,5,8911,anchester,0.030567295849323273
layer_6.head_5,6,5,45251,Population,0.02874526008963585
layer_6.head_6,6,6,17538,aiden,0.03358163312077522
layer_6.head_6,6,6,12044,stra,0.030734535306692123
layer_6.head_6,6,6,1940,ald,0.03014245629310608
layer_6.head_6,6,6,36387,intestinal,0.029966427013278008
layer_6.head_6,6,6,26586,warts,0.02992497757077217
layer_6.head_7,6,7,29528,ulp,0.03176773339509964
layer_6.head_7,6,7,25337,ynes,0.030271682888269424
layer_6.head_7,6,7,44299,azo,0.029215402901172638
layer_6.head_7,6,7,43120,uca,0.028388353064656258
layer_6.head_7,6,7,3836,edom,0.02735585719347
layer_6.head_8,6,8,35659, Equity,0.005271641071885824
layer_6.head_8,6,8,46283, notoriety,0.0045392513275146484
layer_6.head_8,6,8,36929, sidx,0.004005957394838333
layer_6.head_8,6,8,37732, Writers,0.0033232965506613255
layer_6.head_8,6,8,16117, fame,0.0032728342339396477
layer_6.head_9,6,9,39908,♥,0.03358980268239975
layer_6.head_9,6,9,33106,activated,0.03197619691491127
layer_6.head_9,6,9,12631, constitu,0.0304354727268219
layer_6.head_9,6,9,42000, hemor,0.029630521312355995
layer_6.head_9,6,9,28073,rame,0.029502592980861664
layer_6.head_10,6,10,11974, Tradable,0.036869898438453674
layer_6.head_10,6,10,39996,addons,0.034124426543712616
layer_6.head_10,6,10,27813,Package,0.030308673158288002
layer_6.head_10,6,10,25282, Bundle,0.03010483831167221
layer_6.head_10,6,10,3429,apter,0.029980871826410294
layer_6.head_11,6,11,18476, predecessor,0.009595319628715515
layer_6.head_11,6,11,6432,terday,0.007009950466454029
layer_6.head_11,6,11,16880, Tap,0.006811642087996006
layer_6.head_11,6,11,31536,displayText,0.006725778803229332
layer_6.head_11,6,11,33931,osate,0.006664581596851349
layer_6.mlp,6,-1,9724, Cond,-0.028190143406391144
layer_6.mlp,6,-1,2927, coll,-0.03136340528726578
layer_6.mlp,6,-1,19853, Mons,-0.03327159211039543
layer_6.mlp,6,-1,1006, ref,-0.03361520916223526
layer_6.mlp,6,-1,39708, Conrad,-0.033759720623493195
layer_7.head_0,7,0,43204, Ventura,0.005107981618493795
layer_7.head_0,7,0,38641, Verse,0.0022686757147312164
layer_7.head_0,7,0,32145, Dodd,0.00013215141370892525
layer_7.head_0,7,0,42535,}}},-7.264711894094944e-05
layer_7.head_0,7,0,41167, Hermes,-0.00034500425681471825
layer_7.head_1,7,1,39688,Origin,0.03558241203427315
layer_7.head_1,7,1,37632, IPS,0.034931737929582596
layer_7.head_1,7,1,43166, Ct,0.03384502977132797
layer_7.head_1,7,1,32458, Inferno,0.033447250723838806
layer_7.head_1,7,1,10300,ouri,0.03334687650203705
layer_7.head_2,7,2,25323,worm,0.054415859282016754
layer_7.head_2,7,2,26615,haw,0.05368565395474434
layer_7.head_2,7,2,2480,iple,0.05309542268514633
layer_7.head_2,7,2,15817,uscript,0.05252296105027199
layer_7.head_2,7,2,8046, fault,0.05213351547718048
layer_7.head_3,7,3,42376,othal,0.057891737669706345
layer_7.head_3,7,3,30921,atha,0.056284621357917786
layer_7.head_3,7,3,26504,redd,0.055093035101890564
layer_7.head_3,7,3,48429,rieg,0.054052405059337616
layer_7.head_3,7,3,23767, Tactics,0.05387994647026062
layer_7.head_4,7,4,40644, Huntington,0.01707407832145691
layer_7.head_4,7,4,48527,76561,0.016859108582139015
layer_7.head_4,7,4,36648,erella,0.016543179750442505
layer_7.head_4,7,4,10399, centers,0.016237540170550346
layer_7.head_4,7,4,47999, clipboard,0.016188185662031174
layer_7.head_5,7,5,33087,rolet,0.03016672469675541
layer_7.head_5,7,5,29767,WN,0.026841996237635612
layer_7.head_5,7,5,16630,GN,0.026462513953447342
layer_7.head_5,7,5,23296,ttle,0.026408500969409943
layer_7.head_5,7,5,14636,kh,0.02628769353032112
layer_7.head_6,7,6,43618, trance,0.06190863996744156
layer_7.head_6,7,6,27335, poorest,0.06183592975139618
layer_7.head_6,7,6,41215,conservancy,0.06150835007429123
layer_7.head_6,7,6,32782,POST,0.06131827086210251
layer_7.head_6,7,6,5883,UM,0.06103266775608063
layer_7.head_7,7,7,33641,glers,0.03191514313220978
layer_7.head_7,7,7,42952, Toro,0.03072306513786316
layer_7.head_7,7,7,39374,�士,0.02955394983291626
layer_7.head_7,7,7,38183, Canter,0.029411297291517258
layer_7.head_7,7,7,45877, RTX,0.02898305654525757
layer_7.head_8,7,8,37929,️,0.009225844405591488
layer_7.head_8,7,8,46256,�,0.007203133311122656
layer_7.head_8,7,8,44944,laugh,0.006143693812191486
layer_7.head_8,7,8,21118,aunder,0.006056005600839853
layer_7.head_8,7,8,27422,}.,0.0059449924156069756
layer_7.head_9,7,9,19491,rities,0.062296465039253235
layer_7.head_9,7,9,25132,ulet,0.05912557244300842
layer_7.head_9,7,9,11647,merce,0.05857500433921814
layer_7.head_9,7,9,29421,ocent,0.05820365995168686
layer_7.head_9,7,9,32238,agogue,0.05495992675423622
layer_7.head_10,7,10,28117,eenth,0.032687488943338394
layer_7.head_10,7,10,46516,ersen,0.0311608724296093
layer_7.head_10,7,10,41798, Simulation,0.030844412744045258
layer_7.head_10,7,10,42607, Levant,0.03026604652404785
layer_7.head_10,7,10,35824,ilian,0.029794856905937195
layer_7.head_11,7,11,42202,GoldMagikarp,0.057385556399822235
layer_7.head_11,7,11,35269,otaur,0.05556342005729675
layer_7.head_11,7,11,39811,soDeliveryDate,0.05416397750377655
layer_7.head_11,7,11,20621,akespe,0.0523526631295681
layer_7.head_11,7,11,10739,ovie,0.052032582461833954
layer_7.mlp,7,-1,48261,‎,-0.01390061341226101
layer_7.mlp,7,-1,27630,EMA,-0.016803905367851257
layer_7.mlp,7,-1,35942,én,-0.022638564929366112
layer_7.mlp,7,-1,16239,wick,-0.023776903748512268
layer_7.mlp,7,-1,30200, apprehend,-0.023837579414248466
layer_8.head_0,8,0,41508,Wars,0.02099187858402729
layer_8.head_0,8,0,49513,DCS,0.015055184252560139
layer_8.head_0,8,0,11379,fold,0.013930468820035458
layer_8.head_0,8,0,46954,RPG,0.01071127038449049
layer_8.head_0,8,0,30421, commissions,0.010317465290427208
layer_8.head_1,8,1,5950,dule,0.04082033783197403
layer_8.head_1,8,1,2278, period,0.039000254124403
layer_8.head_1,8,1,11941, privilege,0.03823482245206833
layer_8.head_1,8,1,36275, saturation,0.03751775994896889
layer_8.head_1,8,1,1449, bre,0.03700379282236099
layer_8.head_2,8,2,42178,uers,0.055689726024866104
layer_8.head_2,8,2,120,�,0.054827816784381866
layer_8.head_2,8,2,49224,hiba,0.05323391407728195
layer_8.head_2,8,2,19628,fty,0.05205482989549637
layer_8.head_2,8,2,15573,uer,0.0520443469285965
layer_8.head_3,8,3,47485, Dickinson,0.03168568015098572
layer_8.head_3,8,3,28117,eenth,0.023648390546441078
layer_8.head_3,8,3,29009,OTA,0.021126532927155495
layer_8.head_3,8,3,49597,NEWS,0.020912207663059235
layer_8.head_3,8,3,33291,OTOS,0.020170915871858597
layer_8.head_4,8,4,31424,kefeller,0.03256809338927269
layer_8.head_4,8,4,47667,CDC,0.028293879702687263
layer_8.head_4,8,4,31032,SpaceEngineers,0.025750989094376564
layer_8.head_4,8,4,14796,ilateral,0.02346576191484928
layer_8.head_4,8,4,29660,ifact,0.02320525050163269
layer_8.head_5,8,5,49546,将,0.045987870544195175
layer_8.head_5,8,5,7173, closely,0.04565592482686043
layer_8.head_5,8,5,16879,HER,0.04419761896133423
layer_8.head_5,8,5,21250,THER,0.0441121943295002
layer_8.head_5,8,5,42637,女,0.04378503933548927
layer_8.head_6,8,6,31204,��,0.045728057622909546
layer_8.head_6,8,6,6408,��,0.040373899042606354
layer_8.head_6,8,6,16419,issance,0.039798274636268616
layer_8.head_6,8,6,17845,swer,0.03976907581090927
layer_8.head_6,8,6,32238,agogue,0.039424728602170944
layer_8.head_7,8,7,35579, Mechdragon,0.022759875282645226
layer_8.head_7,8,7,12374,ettings,0.013960360549390316
layer_8.head_7,8,7,45396,itech,0.013084633275866508
layer_8.head_7,8,7,46457,odon,0.01294318214058876
layer_8.head_7,8,7,47324, originals,0.012132275849580765
layer_8.head_8,8,8,39666,yip,0.031591158360242844
layer_8.head_8,8,8,49409, Parables,0.027416642755270004
layer_8.head_8,8,8,19049,龍�,0.025441911071538925
layer_8.head_8,8,8,44359,¢,0.024853132665157318
layer_8.head_8,8,8,40832,xus,0.024466969072818756
layer_8.head_9,8,9,40674,Else,0.019779453054070473
layer_8.head_9,8,9,49892, Shant,0.018460605293512344
layer_8.head_9,8,9,28038, Ans,0.017371587455272675
layer_8.head_9,8,9,23329,��,0.01720413751900196
layer_8.head_9,8,9,47432, 神,0.01686239242553711
layer_8.head_10,8,10,5049,illa,0.03520970046520233
layer_8.head_10,8,10,20621,akespe,0.03402429819107056
layer_8.head_10,8,10,841,ublic,0.03292961046099663
layer_8.head_10,8,10,38521,inse,0.03229513019323349
layer_8.head_10,8,10,31263,ulkan,0.03162769973278046
layer_8.head_11,8,11,3800, stage,0.05043157562613487
layer_8.head_11,8,11,6977, fashion,0.05030464008450508
layer_8.head_11,8,11,15149, cryptoc,0.0492989718914032
layer_8.head_11,8,11,39387, sweats,0.04877378046512604
layer_8.head_11,8,11,13827,iga,0.04868730902671814
layer_8.mlp,8,-1,3304,vey,-0.10539223253726959
layer_8.mlp,8,-1,1151,vent,-0.10567118227481842
layer_8.mlp,8,-1,9853, counts,-0.10997242480516434
layer_8.mlp,8,-1,7785,var,-0.1102014109492302
layer_8.mlp,8,-1,725, comm,-0.11106035113334656
layer_9.head_0,9,0,23706,ricks,0.0479964055120945
layer_9.head_0,9,0,9145,omy,0.04757968708872795
layer_9.head_0,9,0,15249,igger,0.04695384204387665
layer_9.head_0,9,0,44381,ogi,0.04651021212339401
layer_9.head_0,9,0,3766,raq,0.04584638029336929
layer_9.head_1,9,1,7990,ocument,0.051193103194236755
layer_9.head_1,9,1,18198,ovich,0.050811320543289185
layer_9.head_1,9,1,31994,omics,0.046951353549957275
layer_9.head_1,9,1,44448,ierrez,0.046218208968639374
layer_9.head_1,9,1,47025, Inher,0.04582730680704117
layer_9.head_2,9,2,33585, mitigation,0.004649586044251919
layer_9.head_2,9,2,6996,erry,0.004550741985440254
layer_9.head_2,9,2,50123,Jr,0.001481411512941122
layer_9.head_2,9,2,42446,ISION,0.0013132104650139809
layer_9.head_2,9,2,29713, Belfast,0.001118844491429627
layer_9.head_3,9,3,48457,フォ,0.02654281258583069
layer_9.head_3,9,3,45435,ッド,0.023631146177649498
layer_9.head_3,9,3,31576,externalActionCode,0.02276579663157463
layer_9.head_3,9,3,37662,ォ,0.021422645077109337
layer_9.head_3,9,3,20336, Gutenberg,0.0209309421479702
layer_9.head_4,9,4,9821,rones,0.10648128390312195
layer_9.head_4,9,4,21629,enary,0.10559087246656418
layer_9.head_4,9,4,17300,onies,0.10275723040103912
layer_9.head_4,9,4,1647,ony,0.10151269286870956
layer_9.head_4,9,4,28558,eny,0.09775614738464355
layer_9.head_5,9,5,43670, Kitt,0.03167098015546799
layer_9.head_5,9,5,49292, Polk,0.03102516010403633
layer_9.head_5,9,5,34842, isEnabled,0.029160305857658386
layer_9.head_5,9,5,47550, STA,0.028976716101169586
layer_9.head_5,9,5,9983, Staff,0.02859022095799446
layer_9.head_6,9,6,35672, reel,0.048892322927713394
layer_9.head_6,9,6,13177, nodd,0.04815811291337013
layer_9.head_6,9,6,28326, FML,0.04600990191102028
layer_9.head_6,9,6,45423, equate,0.04421371966600418
layer_9.head_6,9,6,38535,ashtra,0.04394528269767761
layer_9.head_7,9,7,41097,ioch,0.04209986701607704
layer_9.head_7,9,7,40914,rx,0.039417944848537445
layer_9.head_7,9,7,39816,CG,0.03894917294383049
layer_9.head_7,9,7,44003, Guth,0.038387201726436615
layer_9.head_7,9,7,21700,ipeg,0.038273103535175323
layer_9.head_8,9,8,20235,bane,0.032868821173906326
layer_9.head_8,9,8,17957,utory,0.02759561873972416
layer_9.head_8,9,8,48193,@#&,0.026910450309515
layer_9.head_8,9,8,35430,());,0.025851132348179817
layer_9.head_8,9,8,40242,BuyableInstoreAndOnline,0.025760533288121223
layer_9.head_9,9,9,29659,バ,0.05975204333662987
layer_9.head_9,9,9,48995,milo,0.058855749666690826
layer_9.head_9,9,9,44686,ーティ,0.05856504291296005
layer_9.head_9,9,9,15661,シ,0.057978250086307526
layer_9.head_9,9,9,42637,女,0.05768119543790817
layer_9.head_10,9,10,7076,gery,0.031459953635931015
layer_9.head_10,9,10,24899,buster,0.03067982941865921
layer_9.head_10,9,10,30433,utsche,0.03015095181763172
layer_9.head_10,9,10,17586, overturn,0.028950903564691544
layer_9.head_10,9,10,700,urn,0.02889544889330864
layer_9.head_11,9,11,40031,staking,0.07373823970556259
layer_9.head_11,9,11,3364,king,0.07226943969726562
layer_9.head_11,9,11,26939,ivation,0.07222215831279755
layer_9.head_11,9,11,32346,ocious,0.071566142141819
layer_9.head_11,9,11,19532,sure,0.07061145454645157
layer_9.mlp,9,-1,2379,medi,-0.14072027802467346
layer_9.mlp,9,-1,932, hel,-0.14459314942359924
layer_9.mlp,9,-1,25357, vi,-0.14720918238162994
layer_9.mlp,9,-1,27834, Evangel,-0.14737582206726074
layer_9.mlp,9,-1,33889, Hels,-0.1490374058485031
layer_10.head_0,10,0,25698,"=""#",0.048486076295375824
layer_10.head_0,10,0,23483,Hop,0.047285761684179306
layer_10.head_0,10,0,37912, Emin,0.04404500499367714
layer_10.head_0,10,0,48527,76561,0.042377736419439316
layer_10.head_0,10,0,47987,代,0.04204506054520607
layer_10.head_1,10,1,44354,aido,0.05764327570796013
layer_10.head_1,10,1,35526, disarm,0.05604637414216995
layer_10.head_1,10,1,18312,raged,0.05548785999417305
layer_10.head_1,10,1,3448,pri,0.05528854578733444
layer_10.head_1,10,1,34903, intimidate,0.05455145612359047
layer_10.head_2,10,2,38317, Jord,0.04977506771683693
layer_10.head_2,10,2,41010, Pasadena,0.04447122663259506
layer_10.head_2,10,2,42651, Elephant,0.044162675738334656
layer_10.head_2,10,2,45350, Pryor,0.040979206562042236
layer_10.head_2,10,2,41448, billboard,0.04095282778143883
layer_10.head_3,10,3,37333,suff,0.03424878418445587
layer_10.head_3,10,3,45897,hap,0.033762503415346146
layer_10.head_3,10,3,24631,ndra,0.03293561935424805
layer_10.head_3,10,3,25587,cause,0.029827546328306198
layer_10.head_3,10,3,21569,India,0.02974400296807289
layer_10.head_4,10,4,13600, Hispan,0.06992033869028091
layer_10.head_4,10,4,45225, climates,0.06385868787765503
layer_10.head_4,10,4,35308, habitats,0.06350716203451157
layer_10.head_4,10,4,32422, Galile,0.06337116658687592
layer_10.head_4,10,4,28472, infl,0.0619468167424202
layer_10.head_5,10,5,42165,anooga,0.05982039496302605
layer_10.head_5,10,5,2505,lier,0.05453932285308838
layer_10.head_5,10,5,41382,termination,0.04868817329406738
layer_10.head_5,10,5,19325,idy,0.047501496970653534
layer_10.head_5,10,5,49869,cham,0.046420834958553314
layer_10.head_6,10,6,33547,aneers,0.1590251624584198
layer_10.head_6,10,6,34255,Discussion,0.15572737157344818
layer_10.head_6,10,6,46368,adoes,0.14703510701656342
layer_10.head_6,10,6,45563,ⓘ,0.14652308821678162
layer_10.head_6,10,6,42165,anooga,0.14575304090976715
layer_10.head_7,10,7,39333,��,0.13595500588417053
layer_10.head_7,10,7,43545,ilk,0.12139114737510681
layer_10.head_7,10,7,24001,ブ,0.1191924512386322
layer_10.head_7,10,7,29741,jun,0.11579583585262299
layer_10.head_7,10,7,44686,ーティ,0.11557767540216446
layer_10.head_8,10,8,45785,ivot,0.04261622950434685
layer_10.head_8,10,8,48539,daq,0.0402672216296196
layer_10.head_8,10,8,5204, calcul,0.03757455572485924
layer_10.head_8,10,8,4989,ynam,0.03705574572086334
layer_10.head_8,10,8,44531,krit,0.03678826987743378
layer_10.head_9,10,9,1014,way,0.057744428515434265
layer_10.head_9,10,9,23648, Plate,0.0568913035094738
layer_10.head_9,10,9,19729,monton,0.054267965257167816
layer_10.head_9,10,9,42084,arbon,0.05395946651697159
layer_10.head_9,10,9,18047,oxic,0.05394607409834862
layer_10.head_10,10,10,31402, linger,0.09590649604797363
layer_10.head_10,10,10,36887, Clown,0.09582624584436417
layer_10.head_10,10,10,29160,wagen,0.09554953873157501
layer_10.head_10,10,10,23072, Brist,0.08838024735450745
layer_10.head_10,10,10,11355,vernment,0.08837812393903732
layer_10.head_11,10,11,14602,ripp,-0.01329055055975914
layer_10.head_11,10,11,688,ild,-0.01361012551933527
layer_10.head_11,10,11,33786,alach,-0.01469364669173956
layer_10.head_11,10,11,3697,FL,-0.01609736494719982
layer_10.head_11,10,11,25857,ipation,-0.016324862837791443
layer_10.mlp,10,-1,2768,lev,-0.504258394241333
layer_10.mlp,10,-1,40180,dor,-0.5078072547912598
layer_10.mlp,10,-1,26762,ibo,-0.5100980401039124
layer_10.mlp,10,-1,46057,pez,-0.5103738307952881
layer_10.mlp,10,-1,25519, Anders,-0.512697696685791
layer_11.head_0,11,0,35641,yg,0.07679528743028641
layer_11.head_0,11,0,4612,inct,0.07332821935415268
layer_11.head_0,11,0,33968,yss,0.0638900175690651
layer_11.head_0,11,0,873,ics,0.06143922731280327
layer_11.head_0,11,0,17035,igion,0.06137416884303093
layer_11.head_1,11,1,44664, Ribbon,0.07058535516262054
layer_11.head_1,11,1,11174,apolis,0.06725907325744629
layer_11.head_1,11,1,39996,addons,0.06378322839736938
layer_11.head_1,11,1,31693, Hort,0.05924072861671448
layer_11.head_1,11,1,28419, Throne,0.05878092721104622
layer_11.head_2,11,2,5319,cknow,0.15222495794296265
layer_11.head_2,11,2,15431,Republic,0.140415221452713
layer_11.head_2,11,2,47939, Annotations,0.1372973471879959
layer_11.head_2,11,2,25002,gae,0.1370754837989807
layer_11.head_2,11,2,22997,ゴン,0.13496170938014984
layer_11.head_3,11,3,13758,lict,0.046204790472984314
layer_11.head_3,11,3,22997,ゴン,0.043762028217315674
layer_11.head_3,11,3,43353,ール,0.04366128891706467
layer_11.head_3,11,3,46090,gha,0.04161790385842323
layer_11.head_3,11,3,18575, mosque,0.03932415321469307
layer_11.head_4,11,4,11693,cha,0.030775755643844604
layer_11.head_4,11,4,10316,reek,0.025337714701890945
layer_11.head_4,11,4,21238,antry,0.022048169746994972
layer_11.head_4,11,4,17529,station,0.020838698372244835
layer_11.head_4,11,4,49228,ministic,0.020443063229322433
layer_11.head_5,11,5,46714,rats,0.06788552552461624
layer_11.head_5,11,5,44718,auga,0.06140561029314995
layer_11.head_5,11,5,31032,SpaceEngineers,0.05788999795913696
layer_11.head_5,11,5,36346,tackle,0.05337604135274887
layer_11.head_5,11,5,11585,eatures,0.05193791538476944
layer_11.head_6,11,6,31884,oran,0.09722785651683807
layer_11.head_6,11,6,46138,oward,0.09331116080284119
layer_11.head_6,11,6,36169, ILCS,0.09244570881128311
layer_11.head_6,11,6,49924, Franchise,0.09065436571836472
layer_11.head_6,11,6,32590,(-,0.08796956390142441
layer_11.head_7,11,7,9163,sylv,0.14915059506893158
layer_11.head_7,11,7,37077,ancock,0.1420111358165741
layer_11.head_7,11,7,16183,ancies,0.1418200582265854
layer_11.head_7,11,7,39996,addons,0.1388784945011139
layer_11.head_7,11,7,41141,anus,0.13827604055404663
layer_11.head_8,11,8,41543,Ore,0.8885576128959656
layer_11.head_8,11,8,46118,btn,0.5240511894226074
layer_11.head_8,11,8,48948,Privacy,0.4954867362976074
layer_11.head_8,11,8,26691,cz,0.4868701994419098
layer_11.head_8,11,8,28819,utterstock,0.47479209303855896
layer_11.head_9,11,9,14148, offence,0.0933171957731247
layer_11.head_9,11,9,48162,anism,0.08564885705709457
layer_11.head_9,11,9,11087, interior,0.08041585981845856
layer_11.head_9,11,9,5622, philos,0.07946930080652237
layer_11.head_9,11,9,36670,rongh,0.07946449518203735
layer_11.head_10,11,10,13636,artz,0.05154400318861008
layer_11.head_10,11,10,44944,laugh,0.04362571984529495
layer_11.head_10,11,10,48361,yk,0.04166216030716896
layer_11.head_10,11,10,28124,laughs,0.037894099950790405
layer_11.head_10,11,10,35407,Reviewer,0.036438047885894775
layer_11.head_11,11,11,15270,ouble,0.16590535640716553
layer_11.head_11,11,11,32291,romeda,0.15835313498973846
layer_11.head_11,11,11,44015,Sequ,0.1543690413236618
layer_11.head_11,11,11,26873,uces,0.14864808320999146
layer_11.head_11,11,11,33087,rolet,0.14848703145980835
layer_11.mlp,11,-1,4943,""")",-2.0364813804626465
layer_11.mlp,11,-1,15341,""");",-2.048198938369751
layer_11.mlp,11,-1,22504,tip,-2.060934066772461
layer_11.mlp,11,-1,17912,"""[",-2.0636541843414307
layer_11.mlp,11,-1,4873,rate,-2.0653076171875
